Log start on,2018-05-30 09:51:32
Feature,Gyroscope
Nodes,BM2V220 @30364D, 
Date,HostTimestamp (ms),NodeName,NodeTimestamp,RawData,X (dps),Y (dps),Z (dps),
30/05/2018 09:51:32.128,34,BM2V220 @30364D,38876,FEFF1400F9FF,-0.2,2.0,-0.7,
30/05/2018 09:51:32.176,82,BM2V220 @30364D,38882,FDFF1200FEFF,-0.3,1.8,-0.2,
30/05/2018 09:51:32.225,131,BM2V220 @30364D,38888,FAFF15000000,-0.6,2.1,0.0,
30/05/2018 09:51:32.274,180,BM2V220 @30364D,38894,FFFF0E000100,-0.1,1.4,0.1,
30/05/2018 09:51:32.323,229,BM2V220 @30364D,38901,00000E000000,0.0,1.4,0.0,
30/05/2018 09:51:32.371,277,BM2V220 @30364D,38907,FEFF1100FEFF,-0.2,1.7,-0.2,
30/05/2018 09:51:32.420,326,BM2V220 @30364D,38913,F7FF1900F4FF,-0.9,2.5,-1.2,
30/05/2018 09:51:32.469,375,BM2V220 @30364D,38919,F9FF1900F2FF,-0.7,2.5,-1.4,
30/05/2018 09:51:32.524,430,BM2V220 @30364D,38926,FFFF1200F8FF,-0.1,1.8,-0.8,
30/05/2018 09:51:32.616,522,BM2V220 @30364D,38932,FFFF1500F8FF,-0.1,2.1,-0.8,
30/05/2018 09:51:32.664,570,BM2V220 @30364D,38938,FCFF1500F8FF,-0.4,2.1,-0.8,
30/05/2018 09:51:32.713,619,BM2V220 @30364D,38944,FEFF0F00FEFF,-0.2,1.5,-0.2,
30/05/2018 09:51:32.761,667,BM2V220 @30364D,38951,00000E000000,0.0,1.4,0.0,
30/05/2018 09:51:32.810,716,BM2V220 @30364D,38957,02000E000000,0.2,1.4,0.0,
30/05/2018 09:51:32.859,765,BM2V220 @30364D,38963,09000A00FFFF,0.9,1.0,-0.1,
30/05/2018 09:51:32.909,815,BM2V220 @30364D,38969,09000B00FDFF,0.9,1.1,-0.3,
30/05/2018 09:51:32.956,862,BM2V220 @30364D,38976,04000F00FCFF,0.4,1.5,-0.4,
30/05/2018 09:51:33.005,911,BM2V220 @30364D,38982,F9FF11000200,-0.7,1.7,0.2,
30/05/2018 09:51:33.054,960,BM2V220 @30364D,38988,F4FF0B000E00,-1.2,1.1,1.4,
30/05/2018 09:51:33.102,1008,BM2V220 @30364D,38994,F3FFD8FF2100,-1.3,-4.0,3.3,
30/05/2018 09:51:33.151,1057,BM2V220 @30364D,39001,1000EFFF2300,1.6,-1.7,3.5,
30/05/2018 09:51:33.200,1106,BM2V220 @30364D,39007,330003000500,5.1,0.3,0.5,
30/05/2018 09:51:33.249,1155,BM2V220 @30364D,39013,300209FF2700,56.0,-24.7,3.9,
30/05/2018 09:51:33.298,1204,BM2V220 @30364D,39019,49066EFE8EFF,160.9,-40.2,-11.4,
30/05/2018 09:51:33.346,1253,BM2V220 @30364D,39026,5F0708FF18FE,188.7,-24.8,-48.8,
30/05/2018 09:51:33.396,1302,BM2V220 @30364D,39032,35026C02BAFF,56.5,62.0,-7.0,
30/05/2018 09:51:33.444,1350,BM2V220 @30364D,39038,72FD20017D01,-65.4,28.8,38.1,
30/05/2018 09:51:33.493,1399,BM2V220 @30364D,39044,40FBB6007C01,-121.6,18.2,38.0,
30/05/2018 09:51:33.541,1447,BM2V220 @30364D,39051,0EF9E600C901,-177.8,23.0,45.7,
30/05/2018 09:51:33.590,1496,BM2V220 @30364D,39057,94F7D900F601,-215.6,21.7,50.2,
30/05/2018 09:51:33.639,1545,BM2V220 @30364D,39063,4BF99E004101,-171.7,15.8,32.1,
30/05/2018 09:51:33.687,1593,BM2V220 @30364D,39069,07FC07004F00,-101.7,0.7,7.9,
30/05/2018 09:51:33.736,1642,BM2V220 @30364D,39076,2201EAFF7B00,29.0,-2.2,12.3,
30/05/2018 09:51:33.785,1691,BM2V220 @30364D,39082,0407AD0285FD,179.6,68.5,-63.5,
30/05/2018 09:51:33.834,1740,BM2V220 @30364D,39088,70074CFD19FF,190.4,-69.2,-23.1,
30/05/2018 09:51:33.882,1788,BM2V220 @30364D,39094,3502C60074FF,56.5,19.8,-14.0,
30/05/2018 09:51:33.931,1837,BM2V220 @30364D,39101,02003D00CBFF,0.2,6.1,-5.3,
30/05/2018 09:51:33.980,1886,BM2V220 @30364D,39107,FCFF0C000700,-0.4,1.2,0.7,
30/05/2018 09:51:34.029,1935,BM2V220 @30364D,39113,F2FF02000200,-1.4,0.2,0.2,
30/05/2018 09:51:34.078,1984,BM2V220 @30364D,39119,EAFF5D00CFFF,-2.2,9.3,-4.9,
30/05/2018 09:51:34.127,2033,BM2V220 @30364D,39126,EFFF3500ECFF,-1.7,5.3,-2.0,
30/05/2018 09:51:34.175,2081,BM2V220 @30364D,39132,D4FF5300D6FF,-4.4,8.3,-4.2,
30/05/2018 09:51:34.224,2130,BM2V220 @30364D,39138,F7FF2B00DDFF,-0.9,4.3,-3.5,
30/05/2018 09:51:34.273,2179,BM2V220 @30364D,39144,F6FF3100D4FF,-1.0,4.9,-4.4,
30/05/2018 09:51:34.321,2227,BM2V220 @30364D,39151,12003200C7FF,1.8,5.0,-5.7,
30/05/2018 09:51:34.370,2276,BM2V220 @30364D,39157,9000E0FFDDFF,14.4,-3.2,-3.5,
30/05/2018 09:51:34.419,2325,BM2V220 @30364D,39163,0402A2FE2000,51.6,-35.0,3.2,
30/05/2018 09:51:34.468,2374,BM2V220 @30364D,39169,02053DFD5500,128.2,-70.7,8.5,
30/05/2018 09:51:34.566,2472,BM2V220 @30364D,39176,EC0C75FDB0FE,330.8,-65.1,-33.6,
30/05/2018 09:51:34.614,2520,BM2V220 @30364D,39182,2D1451FCACFB,516.5,-94.3,-110.8,
30/05/2018 09:51:34.663,2569,BM2V220 @30364D,39188,630B22FE6AFB,291.5,-47.8,-117.4,
30/05/2018 09:51:34.712,2618,BM2V220 @30364D,39194,7900B5FE93FC,12.1,-33.1,-87.7,
30/05/2018 09:51:34.761,2667,BM2V220 @30364D,39201,58FAA101D9FF,-144.8,41.7,-3.9,
30/05/2018 09:51:34.809,2715,BM2V220 @30364D,39207,F8F829025002,-180.0,55.3,59.2,
30/05/2018 09:51:34.858,2764,BM2V220 @30364D,39213,9AF6DB025503,-240.6,73.1,85.3,
30/05/2018 09:51:34.906,2812,BM2V220 @30364D,39219,FFF3CA01C303,-307.3,45.8,96.3,
30/05/2018 09:51:34.955,2861,BM2V220 @30364D,39226,F7F2E1015903,-333.7,48.1,85.7,
30/05/2018 09:51:35.004,2910,BM2V220 @30364D,39232,6BF13D018703,-373.3,31.7,90.3,
30/05/2018 09:51:35.053,2959,BM2V220 @30364D,39238,AEF355FAE102,-315.4,-145.1,73.7,
30/05/2018 09:51:35.101,3007,BM2V220 @30364D,39244,A403160124FD,93.2,27.8,-73.2,
30/05/2018 09:51:35.150,3056,BM2V220 @30364D,39251,3707FD0494FE,184.7,127.7,-36.4,
30/05/2018 09:51:35.199,3105,BM2V220 @30364D,39257,8C068CFE70FD,167.6,-37.2,-65.6,
30/05/2018 09:51:35.248,3154,BM2V220 @30364D,39263,B5FFC8000BFF,-7.5,20.0,-24.5,
30/05/2018 09:51:35.297,3203,BM2V220 @30364D,39269,48FFAE0083FF,-18.4,17.4,-12.5,
30/05/2018 09:51:35.345,3251,BM2V220 @30364D,39276,D0FF2F00EBFF,-4.8,4.7,-2.1,
30/05/2018 09:51:35.394,3300,BM2V220 @30364D,39282,E9FF1900F9FF,-2.3,2.5,-0.7,
30/05/2018 09:51:35.443,3349,BM2V220 @30364D,39288,E9FF2E00E7FF,-2.3,4.6,-2.5,
30/05/2018 09:51:35.492,3398,BM2V220 @30364D,39294,F2FF1C00E3FF,-1.4,2.8,-2.9,
30/05/2018 09:51:35.540,3446,BM2V220 @30364D,39301,D1FF4600B0FF,-4.7,7.0,-8.0,
30/05/2018 09:51:35.589,3495,BM2V220 @30364D,39307,FEFF2000C0FF,-0.2,3.2,-6.4,
30/05/2018 09:51:35.687,3593,BM2V220 @30364D,39313,4F00EFFFEBFF,7.9,-1.7,-2.1,
30/05/2018 09:51:35.688,3594,BM2V220 @30364D,39319,EA01EFFE0A00,49.0,-27.3,1.0,
30/05/2018 09:51:35.735,3641,BM2V220 @30364D,39326,EF05A1FC7000,151.9,-86.3,11.2,
30/05/2018 09:51:35.784,3690,BM2V220 @30364D,39332,291029FD36FE,413.7,-72.7,-45.8,
30/05/2018 09:51:35.833,3739,BM2V220 @30364D,39338,BD14BDFBB3FB,530.9,-109.1,-110.1,
30/05/2018 09:51:35.881,3787,BM2V220 @30364D,39344,D20817FFACFB,225.8,-23.3,-110.8,
30/05/2018 09:51:35.930,3836,BM2V220 @30364D,39351,43FBC4FF8BFD,-121.3,-6.0,-62.9,
30/05/2018 09:51:35.979,3885,BM2V220 @30364D,39357,1DFBD8007700,-125.1,21.6,11.9,
30/05/2018 09:51:36.028,3934,BM2V220 @30364D,39363,27F870010E03,-200.9,36.8,78.2,
30/05/2018 09:51:36.077,3983,BM2V220 @30364D,39369,84F4C201CC03,-294.0,45.0,97.2,
30/05/2018 09:51:36.125,4031,BM2V220 @30364D,39376,75F28901DC02,-346.7,39.3,73.2,
30/05/2018 09:51:36.185,4091,BM2V220 @30364D,39382,DEF05102CE02,-387.4,59.3,71.8,
30/05/2018 09:51:36.222,4128,BM2V220 @30364D,39388,7EF1AB01EE02,-371.4,42.7,75.0,
30/05/2018 09:51:36.277,4183,BM2V220 @30364D,39394,ABFCB2FA9500,-85.3,-135.8,14.9,
30/05/2018 09:51:36.320,4226,BM2V220 @30364D,39401,000B610870F7,281.6,214.5,-219.2,
30/05/2018 09:51:36.369,4275,BM2V220 @30364D,39407,7E0732FE72FE,191.8,-46.2,-39.8,
30/05/2018 09:51:36.428,4334,BM2V220 @30364D,39413,8500C100F2FE,13.3,19.3,-27.0,
30/05/2018 09:51:37.052,4958,BM2V220 @30364D,39487,6E1607FC59FC,574.2,-101.7,-93.5,
30/05/2018 09:51:37.102,5008,BM2V220 @30364D,39493,D10FD5FDD3FA,404.9,-55.5,-132.5,
30/05/2018 09:51:37.149,5055,BM2V220 @30364D,39499,F60051FF9DFC,24.6,-17.5,-86.7,
30/05/2018 09:51:37.197,5103,BM2V220 @30364D,39505,52FACB0135FF,-145.4,45.9,-20.3,
30/05/2018 09:51:37.246,5152,BM2V220 @30364D,39512,64F8A1015601,-194.8,41.7,34.2,
30/05/2018 09:51:37.345,5251,BM2V220 @30364D,39518,E4F51A02B702,-258.8,53.8,69.5,
30/05/2018 09:51:37.345,5251,BM2V220 @30364D,39524,87F21702D802,-344.9,53.5,72.8,
30/05/2018 09:51:37.393,5299,BM2V220 @30364D,39530,9BF0FC01D402,-394.1,50.8,72.4,
30/05/2018 09:51:37.441,5347,BM2V220 @30364D,39537,85EF68021004,-421.9,61.6,104.0,
30/05/2018 09:51:37.490,5396,BM2V220 @30364D,39543,69F632F55E02,-245.5,-276.6,60.6,
30/05/2018 09:51:37.539,5445,BM2V220 @30364D,39549,050B62076EF8,282.1,189.0,-193.8,
30/05/2018 09:51:37.587,5493,BM2V220 @30364D,39555,010CDFFED502,307.3,-28.9,72.5,
30/05/2018 09:51:37.636,5542,BM2V220 @30364D,39562,8702C7011FFF,64.7,45.5,-22.5,
30/05/2018 09:51:37.685,5591,BM2V220 @30364D,39568,3CFFB60061FF,-19.6,18.2,-15.9,
30/05/2018 09:51:37.734,5640,BM2V220 @30364D,39574,BFFF3D00E8FF,-6.5,6.1,-2.4,
30/05/2018 09:51:37.783,5689,BM2V220 @30364D,39580,EDFF0700FEFF,-1.9,0.7,-0.2,
30/05/2018 09:51:37.831,5737,BM2V220 @30364D,39587,F7FF2300F7FF,-0.9,3.5,-0.9,
30/05/2018 09:51:37.879,5785,BM2V220 @30364D,39593,03001100F4FF,0.3,1.7,-1.2,
30/05/2018 09:51:37.928,5834,BM2V220 @30364D,39599,E3FF4400CDFF,-2.9,6.8,-5.1,
30/05/2018 09:51:38.027,5933,BM2V220 @30364D,39605,F9FF2A00CBFF,-0.7,4.2,-5.3,
30/05/2018 09:51:38.027,5933,BM2V220 @30364D,39612,2A001B00B8FF,4.2,2.7,-7.2,
30/05/2018 09:51:38.075,5981,BM2V220 @30364D,39618,110157FFFCFF,27.3,-16.9,-0.4,
30/05/2018 09:51:38.124,6030,BM2V220 @30364D,39624,520452FD4800,110.6,-68.6,7.2,
30/05/2018 09:51:38.173,6079,BM2V220 @30364D,39630,4D0C5CFC8AFF,314.9,-93.2,-11.8,
30/05/2018 09:51:38.222,6128,BM2V220 @30364D,39637,E71612FC8EFB,586.3,-100.6,-113.8,
30/05/2018 09:51:38.270,6176,BM2V220 @30364D,39643,FE0EC8FD14FB,383.8,-56.8,-126.0,
30/05/2018 09:51:38.319,6225,BM2V220 @30364D,39649,51FF97FFD9FC,-17.5,-10.5,-80.7,
30/05/2018 09:51:38.368,6274,BM2V220 @30364D,39655,FAFA2B02DBFF,-128.6,55.5,-3.7,
30/05/2018 09:51:38.417,6323,BM2V220 @30364D,39662,23F930023502,-175.7,56.0,56.5,
30/05/2018 09:51:38.465,6371,BM2V220 @30364D,39668,2FF624022703,-251.3,54.8,80.7,
30/05/2018 09:51:38.515,6421,BM2V220 @30364D,39674,71F30E021903,-321.5,52.6,79.3,
30/05/2018 09:51:38.562,6468,BM2V220 @30364D,39680,26F2CC01D402,-354.6,46.0,72.4,
30/05/2018 09:51:38.611,6517,BM2V220 @30364D,39687,DDF0C801AE03,-387.5,45.6,94.2,
30/05/2018 09:51:38.660,6566,BM2V220 @30364D,39693,66F4AEFA8002,-297.0,-136.2,64.0,
30/05/2018 09:51:38.709,6615,BM2V220 @30364D,39699,11021101CCFD,52.9,27.3,-56.4,
30/05/2018 09:51:38.757,6663,BM2V220 @30364D,39705,4808CD02F7FF,212.0,71.7,-0.9,
30/05/2018 09:51:38.806,6712,BM2V220 @30364D,39712,1C062EFFB2FD,156.4,-21.0,-59.0,
30/05/2018 09:51:38.904,6810,BM2V220 @30364D,39718,8FFFE40023FF,-11.3,22.8,-22.1,
30/05/2018 09:51:38.953,6859,BM2V220 @30364D,39724,4CFFA0008CFF,-18.0,16.0,-11.6,
30/05/2018 09:51:39.001,6907,BM2V220 @30364D,39730,E1FF1C00F4FF,-3.1,2.8,-1.2,
30/05/2018 09:51:39.050,6956,BM2V220 @30364D,39737,FDFF10000B00,-0.3,1.6,1.1,
30/05/2018 09:51:39.099,7005,BM2V220 @30364D,39743,FFFF2000FCFF,-0.1,3.2,-0.4,
30/05/2018 09:51:39.148,7054,BM2V220 @30364D,39749,00001900EEFF,0.0,2.5,-1.8,
30/05/2018 09:51:39.196,7102,BM2V220 @30364D,39755,EBFF3800CFFF,-2.1,5.6,-4.9,
30/05/2018 09:51:39.245,7151,BM2V220 @30364D,39762,00002E00C1FF,0.0,4.6,-6.3,
30/05/2018 09:51:39.294,7200,BM2V220 @30364D,39768,6500E8FFE8FF,10.1,-2.4,-2.4,
30/05/2018 09:51:39.342,7248,BM2V220 @30364D,39774,0302B8FE1D00,51.5,-32.8,2.9,
30/05/2018 09:51:39.391,7297,BM2V220 @30364D,39780,FE062EFC7900,179.0,-97.8,12.1,
30/05/2018 09:51:39.440,7346,BM2V220 @30364D,39787,7511F2FC26FE,446.9,-78.2,-47.4,
30/05/2018 09:51:39.489,7395,BM2V220 @30364D,39793,F113C7FB5CFC,510.5,-108.1,-93.2,
30/05/2018 09:51:39.537,7443,BM2V220 @30364D,39799,840A46FCC2FC,269.2,-95.4,-83.0,
30/05/2018 09:51:39.636,7542,BM2V220 @30364D,39805,FEFB240151FE,-102.6,29.2,-43.1,
30/05/2018 09:51:39.733,7639,BM2V220 @30364D,39812,80FAB9013F00,-140.8,44.1,6.3,
30/05/2018 09:51:39.734,7640,BM2V220 @30364D,39818,69F7DC011002,-219.9,47.6,52.8,
30/05/2018 09:51:39.735,7641,BM2V220 @30364D,39824,55F44902CF02,-298.7,58.5,71.9,
30/05/2018 09:51:39.782,7688,BM2V220 @30364D,39830,11F2D7015A02,-356.7,47.1,60.2,
30/05/2018 09:51:39.830,7736,BM2V220 @30364D,39837,FFF01C03CC02,-384.1,79.6,71.6,
30/05/2018 09:51:39.879,7785,BM2V220 @30364D,39843,5FF185012703,-374.5,38.9,80.7,
30/05/2018 09:51:39.928,7834,BM2V220 @30364D,39849,22FA5DF86102,-150.2,-195.5,60.9,
30/05/2018 09:51:39.976,7882,BM2V220 @30364D,39855,EA093307C4F8,253.8,184.3,-185.2,
30/05/2018 09:51:40.025,7931,BM2V220 @30364D,39862,C70771FD69FF,199.1,-65.5,-15.1,
30/05/2018 09:51:40.074,7980,BM2V220 @30364D,39868,0001FA00C1FE,25.6,25.0,-31.9,
30/05/2018 09:51:40.122,8028,BM2V220 @30364D,39874,27FFD00033FF,-21.7,20.8,-20.5,
30/05/2018 09:51:40.171,8077,BM2V220 @30364D,39880,A7FF5700CFFF,-8.9,8.7,-4.9,
30/05/2018 09:51:40.220,8126,BM2V220 @30364D,39887,E6FF1C00F7FF,-2.6,2.8,-0.9,
30/05/2018 09:51:40.269,8175,BM2V220 @30364D,39893,F7FF2200F3FF,-0.9,3.4,-1.3,
30/05/2018 09:51:40.318,8224,BM2V220 @30364D,39899,06000B00F3FF,0.6,1.1,-1.3,
30/05/2018 09:51:40.366,8272,BM2V220 @30364D,39905,F6FF3400CDFF,-1.0,5.2,-5.1,
30/05/2018 09:51:40.415,8321,BM2V220 @30364D,39912,20001900E2FF,3.2,2.5,-3.0,
30/05/2018 09:51:40.464,8370,BM2V220 @30364D,39918,5B00F5FFE9FF,9.1,-1.1,-2.3,
30/05/2018 09:51:40.513,8419,BM2V220 @30364D,39924,0B0169FF1D00,26.7,-15.1,2.9,
30/05/2018 09:51:40.561,8467,BM2V220 @30364D,39930,5603E2FD5900,85.4,-54.2,8.9,
30/05/2018 09:51:40.610,8516,BM2V220 @30364D,39937,D9085DFC8C00,226.5,-93.1,14.0,
30/05/2018 09:51:40.659,8565,BM2V220 @30364D,39943,2D13F5FCCDFC,490.9,-77.9,-81.9,
30/05/2018 09:51:40.707,8613,BM2V220 @30364D,39949,B81013FD46FB,428.0,-74.9,-121.0,
30/05/2018 09:51:40.757,8663,BM2V220 @30364D,39955,B60599FE82FC,146.2,-35.9,-89.4,
30/05/2018 09:51:40.903,8809,BM2V220 @30364D,39962,C1FBED01C5FE,-108.7,49.3,-31.5,
30/05/2018 09:51:40.904,8810,BM2V220 @30364D,39968,81FAC701AA00,-140.7,45.5,17.0,
30/05/2018 09:51:40.952,8858,BM2V220 @30364D,39974,3DF784025702,-224.3,64.4,59.9,
30/05/2018 09:51:41.002,8908,BM2V220 @30364D,39980,B8F4DC02FC02,-288.8,73.2,76.4,
30/05/2018 09:51:41.050,8956,BM2V220 @30364D,39987,64F2E202A102,-348.4,73.8,67.3,
30/05/2018 09:51:41.098,9004,BM2V220 @30364D,39993,1AF107046903,-381.4,103.1,87.3,
30/05/2018 09:51:41.146,9052,BM2V220 @30364D,39999,FEF2DBFFD302,-333.0,-3.7,72.3,
30/05/2018 09:51:41.195,9101,BM2V220 @30364D,40005,71FD16FD2303,-65.5,-74.6,80.3,
30/05/2018 09:51:41.244,9150,BM2V220 @30364D,40012,B309B203DAFF,248.3,94.6,-3.8,
30/05/2018 09:51:41.293,9199,BM2V220 @30364D,40018,3A08AEFD3FFF,210.6,-59.4,-19.3,
30/05/2018 09:51:41.342,9248,BM2V220 @30364D,40024,3A00CE00C8FE,5.8,20.6,-31.2,
30/05/2018 09:51:41.390,9296,BM2V220 @30364D,40030,23FFF30032FF,-22.1,24.3,-20.6,
30/05/2018 09:51:41.439,9345,BM2V220 @30364D,40037,BFFF5800CDFF,-6.5,8.8,-5.1,
30/05/2018 09:51:41.487,9393,BM2V220 @30364D,40043,E7FF2E00E0FF,-2.5,4.6,-3.2,
30/05/2018 09:51:41.536,9442,BM2V220 @30364D,40049,D9FF3F00C8FF,-3.9,6.3,-5.6,
30/05/2018 09:51:41.585,9491,BM2V220 @30364D,40055,00001500E9FF,0.0,2.1,-2.3,
30/05/2018 09:51:41.634,9540,BM2V220 @30364D,40062,FDFF2A00CDFF,-0.3,4.2,-5.1,
30/05/2018 09:51:41.683,9589,BM2V220 @30364D,40068,2F000A00DCFF,4.7,1.0,-3.6,
30/05/2018 09:51:41.731,9637,BM2V220 @30364D,40074,8B00CBFFF2FF,13.9,-5.3,-1.4,
30/05/2018 09:51:41.780,9686,BM2V220 @30364D,40080,78012BFF0C00,37.6,-21.3,1.2,
30/05/2018 09:51:41.829,9735,BM2V220 @30364D,40087,95046CFD7000,117.3,-66.0,11.2,
30/05/2018 09:51:41.877,9783,BM2V220 @30364D,40093,770C60FDE8FE,319.1,-67.2,-28.0,
30/05/2018 09:51:41.926,9833,BM2V220 @30364D,40099,A5168EFD78FA,579.7,-62.6,-141.6,
30/05/2018 09:51:41.975,9881,BM2V220 @30364D,40105,FB0A12026EF9,281.1,53.0,-168.2,
30/05/2018 09:51:42.024,9930,BM2V220 @30364D,40112,4EFF610388FE,-17.8,86.5,-37.6,
30/05/2018 09:51:42.073,9979,BM2V220 @30364D,40118,23FD38043100,-73.3,108.0,4.9,
30/05/2018 09:51:42.121,10027,BM2V220 @30364D,40124,CBF963055F02,-158.9,137.9,60.7,
30/05/2018 09:51:42.170,10076,BM2V220 @30364D,40130,27F74E06A902,-226.5,161.4,68.1,
30/05/2018 09:51:42.219,10125,BM2V220 @30364D,40137,53F415059002,-298.9,130.1,65.6,
30/05/2018 09:51:42.268,10174,BM2V220 @30364D,40143,29F305043404,-328.7,102.9,107.6,
30/05/2018 09:51:42.317,10223,BM2V220 @30364D,40149,CDF235030706,-337.9,82.1,154.3,
30/05/2018 09:51:42.365,10271,BM2V220 @30364D,40155,1CF590F8E708,-278.8,-190.4,227.9,
30/05/2018 09:51:42.416,10322,BM2V220 @30364D,40162,D900F6FFD200,21.7,-1.0,21.0,
30/05/2018 09:51:42.462,10368,BM2V220 @30364D,40168,550B36053500,290.1,133.4,5.3,
30/05/2018 09:51:42.511,10417,BM2V220 @30364D,40174,BA0AC2FD4701,274.6,-57.4,32.7,
30/05/2018 09:51:42.560,10466,BM2V220 @30364D,40180,F900E90098FF,24.9,23.3,-10.4,
30/05/2018 09:51:42.609,10515,BM2V220 @30364D,40187,D1FF5800A9FF,-4.7,8.8,-8.7,
30/05/2018 09:51:42.658,10564,BM2V220 @30364D,40193,E0FF3500F6FF,-3.2,5.3,-1.0,
30/05/2018 09:51:42.706,10612,BM2V220 @30364D,40199,FFFF1200FEFF,-0.1,1.8,-0.2,
30/05/2018 09:51:42.805,10711,BM2V220 @30364D,40205,E1FF4800DAFF,-3.1,7.2,-3.8,
30/05/2018 09:51:42.902,10808,BM2V220 @30364D,40212,F6FF3100EBFF,-1.0,4.9,-2.1,
30/05/2018 09:51:42.904,10810,BM2V220 @30364D,40218,C9FF5F00A3FF,-5.5,9.5,-9.3,
30/05/2018 09:51:42.950,10856,BM2V220 @30364D,40224,EFFF5500B2FF,-1.7,8.5,-7.8,
30/05/2018 09:51:42.999,10905,BM2V220 @30364D,40230,7900EBFF0500,12.1,-2.1,0.5,
30/05/2018 09:51:43.097,11003,BM2V220 @30364D,40237,E50192FE5400,48.5,-36.6,8.4,
30/05/2018 09:51:43.097,11003,BM2V220 @30364D,40243,8C046EFD8500,116.4,-65.8,13.3,
30/05/2018 09:51:43.146,11052,BM2V220 @30364D,40249,130BE2FCA2FF,283.5,-79.8,-9.4,
30/05/2018 09:51:43.194,11100,BM2V220 @30364D,40255,BA1412FCA4FB,530.6,-100.6,-111.6,
30/05/2018 09:51:43.243,11149,BM2V220 @30364D,40262,9A0ED5FDCEFA,373.8,-55.5,-133.0,
30/05/2018 09:51:43.291,11197,BM2V220 @30364D,40268,BFFF02FF4AFD,-6.5,-25.4,-69.4,
30/05/2018 09:51:43.340,11246,BM2V220 @30364D,40274,36FC810219FE,-97.0,64.1,-48.7,
30/05/2018 09:51:43.389,11295,BM2V220 @30364D,40280,FEF9990371FF,-153.8,92.1,-14.3,
30/05/2018 09:51:43.438,11344,BM2V220 @30364D,40287,05F6B003E900,-255.5,94.4,23.3,
30/05/2018 09:51:43.486,11392,BM2V220 @30364D,40293,31F36B03CA02,-327.9,87.5,71.4,
30/05/2018 09:51:43.535,11441,BM2V220 @30364D,40299,EBF18903D603,-360.5,90.5,98.2,
30/05/2018 09:51:43.584,11490,BM2V220 @30364D,40305,E3F07003A404,-386.9,88.0,118.8,
30/05/2018 09:51:43.633,11539,BM2V220 @30364D,40312,29F4BCF75705,-303.1,-211.6,136.7,
30/05/2018 09:51:43.681,11587,BM2V220 @30364D,40318,1F04A40135FC,105.5,42.0,-97.1,
30/05/2018 09:51:43.730,11636,BM2V220 @30364D,40324,1F09F9FE7704,233.5,-26.3,114.3,
30/05/2018 09:51:43.779,11685,BM2V220 @30364D,40330,4805ECFDB9FD,135.2,-53.2,-58.3,
30/05/2018 09:51:43.827,11733,BM2V220 @30364D,40337,0100CA002CFF,0.1,20.2,-21.2,
30/05/2018 09:51:43.876,11782,BM2V220 @30364D,40343,42FFB70073FF,-19.0,18.3,-14.1,
30/05/2018 09:51:43.925,11831,BM2V220 @30364D,40349,C6FF4600C8FF,-5.8,7.0,-5.6,
30/05/2018 09:51:43.974,11880,BM2V220 @30364D,40355,D9FF3B00D1FF,-3.9,5.9,-4.7,
30/05/2018 09:51:44.023,11929,BM2V220 @30364D,40362,DCFF3A00C1FF,-3.6,5.8,-6.3,
30/05/2018 09:51:44.071,11977,BM2V220 @30364D,40368,F5FF3400BDFF,-1.1,5.2,-6.7,
30/05/2018 09:51:44.120,12026,BM2V220 @30364D,40374,02003900B8FF,0.2,5.7,-7.2,
30/05/2018 09:51:44.170,12076,BM2V220 @30364D,40380,87000C00ABFF,13.5,1.2,-8.5,
30/05/2018 09:51:44.218,12124,BM2V220 @30364D,40387,E501FFFE1100,48.5,-25.7,1.7,
30/05/2018 09:51:44.266,12172,BM2V220 @30364D,40393,A2057EFD2900,144.2,-64.2,4.1,
30/05/2018 09:51:44.315,12221,BM2V220 @30364D,40399,630E68FEABFD,368.3,-40.8,-59.7,
30/05/2018 09:51:44.364,12270,BM2V220 @30364D,40405,0F172AFEF5F8,590.3,-47.0,-180.3,
30/05/2018 09:51:44.413,12319,BM2V220 @30364D,40412,110C430032FA,308.9,6.7,-148.6,
30/05/2018 09:51:44.461,12367,BM2V220 @30364D,40418,EEFC9001E2FF,-78.6,40.0,-3.0,
30/05/2018 09:51:44.510,12416,BM2V220 @30364D,40424,A5FB6502FD02,-111.5,61.3,76.5,
30/05/2018 09:51:44.559,12465,BM2V220 @30364D,40430,E4F706029703,-207.6,51.8,91.9,
30/05/2018 09:51:44.608,12514,BM2V220 @30364D,40437,50F4AF01B103,-299.2,43.1,94.5,
30/05/2018 09:51:44.657,12563,BM2V220 @30364D,40443,EDF1AD013903,-360.3,42.9,82.5,
30/05/2018 09:51:44.755,12661,BM2V220 @30364D,40449,8DF055027B03,-395.5,59.7,89.1,
30/05/2018 09:51:44.802,12708,BM2V220 @30364D,40455,6DF097001304,-398.7,15.1,104.3,
30/05/2018 09:51:44.853,12759,BM2V220 @30364D,40462,4AF97FF62000,-171.8,-243.3,3.2,
30/05/2018 09:51:44.900,12806,BM2V220 @30364D,40468,5C0BAE094BF6,290.8,247.8,-248.5,
30/05/2018 09:51:44.949,12855,BM2V220 @30364D,40474,E407E8FD4FFF,202.0,-53.6,-17.7,
30/05/2018 09:51:44.998,12904,BM2V220 @30364D,40480,CA00D2000FFF,20.2,21.0,-24.1,
30/05/2018 09:51:45.096,13002,BM2V220 @30364D,40493,D4FF3300F5FF,-4.4,5.1,-1.1,
30/05/2018 09:51:45.096,13002,BM2V220 @30364D,40487,4DFFA00093FF,-17.9,16.0,-10.9,
30/05/2018 09:51:45.144,13050,BM2V220 @30364D,40499,C8FF1100EEFF,-5.6,1.7,-1.8,
30/05/2018 09:51:45.192,13098,BM2V220 @30364D,40505,FCFF2200F6FF,-0.4,3.4,-1.0,
30/05/2018 09:51:45.241,13147,BM2V220 @30364D,40512,00001300E9FF,0.0,1.9,-2.3,
30/05/2018 09:51:45.290,13196,BM2V220 @30364D,40518,FFFF3500D2FF,-0.1,5.3,-4.6,
30/05/2018 09:51:45.340,13246,BM2V220 @30364D,40524,4F00FEFFEBFF,7.9,-0.2,-2.1,
30/05/2018 09:51:45.388,13294,BM2V220 @30364D,40530,21015FFF0400,28.9,-16.1,0.4,
30/05/2018 09:51:45.486,13392,BM2V220 @30364D,40537,F402EDFD7400,75.6,-53.1,11.6,
30/05/2018 09:51:45.486,13392,BM2V220 @30364D,40543,6B0781FC8500,189.9,-89.5,13.3,
30/05/2018 09:51:45.534,13440,BM2V220 @30364D,40549,121405FD4DFC,513.8,-76.3,-94.7,
30/05/2018 09:51:45.583,13489,BM2V220 @30364D,40555,301374FC18FB,491.2,-90.8,-125.6,
30/05/2018 09:51:45.681,13587,BM2V220 @30364D,40562,E00681FD44FD,176.0,-63.9,-70.0,
30/05/2018 09:51:45.681,13587,BM2V220 @30364D,40568,FAF7E902DEFF,-205.4,74.5,-3.4,
30/05/2018 09:51:45.731,13637,BM2V220 @30364D,40574,33F706026A00,-225.3,51.8,10.6,
30/05/2018 09:51:45.778,13684,BM2V220 @30364D,40580,AFF5E901A101,-264.1,48.9,41.7,
30/05/2018 09:51:45.826,13732,BM2V220 @30364D,40587,E7F2DF01D002,-335.3,47.9,72.0,
30/05/2018 09:51:45.875,13781,BM2V220 @30364D,40593,77F1B5010603,-372.1,43.7,77.4,
30/05/2018 09:51:45.924,13830,BM2V220 @30364D,40599,C2EF23031904,-415.8,80.3,104.9,
30/05/2018 09:51:45.973,13879,BM2V220 @30364D,40605,6AF6D4F6F700,-245.4,-234.8,24.7,
30/05/2018 09:51:46.021,13927,BM2V220 @30364D,40612,FB046F0229FB,127.5,62.3,-123.9,
30/05/2018 09:51:46.071,13977,BM2V220 @30364D,40618,FB09B900EB04,255.5,18.5,125.9,
30/05/2018 09:51:46.119,14025,BM2V220 @30364D,40624,0006450066FF,153.6,6.9,-15.4,
30/05/2018 09:51:46.168,14074,BM2V220 @30364D,40630,7200D90058FF,11.4,21.7,-16.8,
30/05/2018 09:51:46.216,14122,BM2V220 @30364D,40637,CBFF6D00B6FF,-5.3,10.9,-7.4,
30/05/2018 09:51:46.265,14171,BM2V220 @30364D,40643,FBFF0C001100,-0.5,1.2,1.7,
30/05/2018 09:51:46.314,14220,BM2V220 @30364D,40649,FEFF6100CFFF,-0.2,9.7,-4.9,
30/05/2018 09:51:46.363,14269,BM2V220 @30364D,40655,DCFF2C00EBFF,-3.6,4.4,-2.1,
30/05/2018 09:51:46.411,14317,BM2V220 @30364D,40662,A4FF7800AAFF,-9.2,12.0,-8.6,
30/05/2018 09:51:46.460,14366,BM2V220 @30364D,40668,04002E00D6FF,0.4,4.6,-4.2,
30/05/2018 09:51:46.509,14415,BM2V220 @30364D,40674,C60099FF1D00,19.8,-10.3,2.9,
30/05/2018 09:51:46.558,14464,BM2V220 @30364D,40680,C302BEFDC100,70.7,-57.8,19.3,
30/05/2018 09:51:46.606,14512,BM2V220 @30364D,40687,5B0736FCA300,188.3,-97.0,16.3,
30/05/2018 09:51:46.655,14561,BM2V220 @30364D,40693,3A111CFC62FE,441.0,-99.6,-41.4,
30/05/2018 09:51:46.753,14659,BM2V220 @30364D,40699,7E13EDFB3AFB,499.0,-104.3,-122.2,
30/05/2018 09:51:46.801,14707,BM2V220 @30364D,40705,3107C1FCD7FC,184.1,-83.1,-80.9,
30/05/2018 09:51:46.851,14757,BM2V220 @30364D,40712,C1F9110329FE,-159.9,78.5,-47.1,
30/05/2018 09:51:46.899,14805,BM2V220 @30364D,40718,14F827026200,-202.8,55.1,9.8,
30/05/2018 09:51:46.948,14854,BM2V220 @30364D,40724,C5F4D7020F02,-287.5,72.7,52.7,
30/05/2018 09:51:46.996,14902,BM2V220 @30364D,40730,36F2E5027602,-353.0,74.1,63.0,
30/05/2018 09:51:47.045,14951,BM2V220 @30364D,40737,3CF1DC025F02,-378.0,73.2,60.7,
30/05/2018 09:51:47.094,15000,BM2V220 @30364D,40743,6FEFCA03AC03,-424.1,97.0,94.0,
30/05/2018 09:51:47.143,15049,BM2V220 @30364D,40749,14F778F3CE02,-228.4,-320.8,71.8,
30/05/2018 09:51:47.191,15097,BM2V220 @30364D,40755,360B9305A8F7,287.0,142.7,-213.6,
30/05/2018 09:51:47.289,15195,BM2V220 @30364D,40762,A50C01FE0404,323.7,-51.1,102.8,
30/05/2018 09:51:47.290,15196,BM2V220 @30364D,40768,6B04C50177FF,113.1,45.3,-13.7,
30/05/2018 09:51:47.338,15244,BM2V220 @30364D,40774,4EFFDE0026FF,-17.8,22.2,-21.8,
30/05/2018 09:51:47.387,15293,BM2V220 @30364D,40780,95FF6200CDFF,-10.7,9.8,-5.1,
30/05/2018 09:51:47.435,15341,BM2V220 @30364D,40787,D2FF2000D2FF,-4.6,3.2,-4.6,
30/05/2018 09:51:47.484,15390,BM2V220 @30364D,40793,E4FF3900D2FF,-2.8,5.7,-4.6,
30/05/2018 09:51:47.532,15438,BM2V220 @30364D,40799,02001200E3FF,0.2,1.8,-2.9,
30/05/2018 09:51:47.581,15487,BM2V220 @30364D,40805,02004800C5FF,0.2,7.2,-5.9,
30/05/2018 09:51:47.679,15585,BM2V220 @30364D,40812,53001200CDFF,8.3,1.8,-5.1,
30/05/2018 09:51:47.680,15586,BM2V220 @30364D,40818,110177FFF9FF,27.3,-13.7,-0.7,
30/05/2018 09:51:47.728,15634,BM2V220 @30364D,40824,BB0363FD9100,95.5,-66.9,14.5,
30/05/2018 09:51:47.776,15682,BM2V220 @30364D,40830,6B0A14FC0D00,266.7,-100.4,1.3,
30/05/2018 09:51:47.825,15731,BM2V220 @30364D,40837,85161DFD11FB,576.5,-73.9,-126.3,
30/05/2018 09:51:47.875,15780,BM2V220 @30364D,40843,AE11F6FD68FA,452.6,-52.2,-143.2,
30/05/2018 09:51:47.923,15829,BM2V220 @30364D,40849,9206A5FE75FC,168.2,-34.7,-90.7,
30/05/2018 09:51:47.971,15877,BM2V220 @30364D,40855,44F99302CFFF,-172.4,65.9,-4.9,
30/05/2018 09:51:48.021,15927,BM2V220 @30364D,40862,68F7A701C401,-220.0,42.3,45.2,
30/05/2018 09:51:48.069,15975,BM2V220 @30364D,40868,F7F4CB01E302,-282.5,45.9,73.9,
30/05/2018 09:51:48.118,16024,BM2V220 @30364D,40874,0CF21B020C03,-357.2,53.9,78.0,
30/05/2018 09:51:48.166,16072,BM2V220 @30364D,40880,FCF00E021703,-384.4,52.6,79.1,
30/05/2018 09:51:48.215,16121,BM2V220 @30364D,40887,D1EFA4025D04,-414.3,67.6,111.7,
30/05/2018 09:51:48.264,16170,BM2V220 @30364D,40893,CEF68BF22603,-235.4,-344.5,80.6,
30/05/2018 09:51:48.313,16219,BM2V220 @30364D,40899,9B0961065BF8,245.9,163.3,-195.7,
30/05/2018 09:51:48.361,16267,BM2V220 @30364D,40905,D90BA5FDED03,303.3,-60.3,100.5,
30/05/2018 09:51:48.411,16317,BM2V220 @30364D,40912,4B0408027BFF,109.9,52.0,-13.3,
30/05/2018 09:51:48.458,16364,BM2V220 @30364D,40918,5DFFA1006FFF,-16.3,16.1,-14.5,
30/05/2018 09:51:48.507,16413,BM2V220 @30364D,40924,B3FF4B00E9FF,-7.7,7.5,-2.3,
30/05/2018 09:51:48.557,16463,BM2V220 @30364D,40930,F7FF00001100,-0.9,0.0,1.7,
30/05/2018 09:51:48.605,16511,BM2V220 @30364D,40937,FCFF20000400,-0.4,3.2,0.4,
30/05/2018 09:51:48.703,16609,BM2V220 @30364D,40943,100006000000,1.6,0.6,0.0,
30/05/2018 09:51:48.751,16657,BM2V220 @30364D,40949,ECFF4A00D1FF,-2.0,7.4,-4.7,
30/05/2018 09:51:48.800,16706,BM2V220 @30364D,40955,12002400D9FF,1.8,3.6,-3.9,
30/05/2018 09:51:48.849,16755,BM2V220 @30364D,40962,9E00C1FFF8FF,15.8,-6.3,-0.8,
30/05/2018 09:51:48.898,16804,BM2V220 @30364D,40968,5C0213FE7B00,60.4,-49.3,12.3,
30/05/2018 09:51:48.946,16852,BM2V220 @30364D,40974,5A0657FC9E00,162.6,-93.7,15.8,
30/05/2018 09:51:48.995,16901,BM2V220 @30364D,40980,9C12C6FBF6FD,476.4,-108.2,-52.2,
30/05/2018 09:51:49.093,16999,BM2V220 @30364D,40987,ED13DDFA31FC,510.1,-131.5,-97.5,
30/05/2018 09:51:49.094,17000,BM2V220 @30364D,40993,FF08A1FC85FC,230.3,-86.3,-89.1,
30/05/2018 09:51:49.141,17047,BM2V220 @30364D,40999,D1FA6A020CFD,-132.7,61.8,-75.6,
30/05/2018 09:51:49.191,17097,BM2V220 @30364D,41005,A4F96F0248FF,-162.8,62.3,-18.4,
30/05/2018 09:51:49.239,17145,BM2V220 @30364D,41012,E5F5D8027001,-258.7,72.8,36.8,
30/05/2018 09:51:49.287,17193,BM2V220 @30364D,41018,8AF363039202,-319.0,86.7,65.8,
30/05/2018 09:51:49.337,17243,BM2V220 @30364D,41024,F5F1C2027802,-359.5,70.6,63.2,
30/05/2018 09:51:49.385,17291,BM2V220 @30364D,41030,7AEFCD034203,-423.0,97.3,83.4,
30/05/2018 09:51:49.434,17340,BM2V220 @30364D,41037,42F3A0FA1D03,-326.2,-137.6,79.7,
30/05/2018 09:51:49.483,17389,BM2V220 @30364D,41043,5B016300DFFC,34.7,9.9,-80.1,
30/05/2018 09:51:49.531,17437,BM2V220 @30364D,41049,EF07B103B1FE,203.1,94.5,-33.5,
30/05/2018 09:51:49.580,17486,BM2V220 @30364D,41055,0B04D70100FE,103.5,47.1,-51.2,
30/05/2018 09:51:49.632,17538,BM2V220 @30364D,41062,28FFD2000AFF,-21.6,21.0,-24.6,
30/05/2018 09:51:49.678,17584,BM2V220 @30364D,41068,BAFF6000BBFF,-7.0,9.6,-6.9,
30/05/2018 09:51:49.726,17632,BM2V220 @30364D,41074,FAFFFBFFF7FF,-0.6,-0.5,-0.9,
30/05/2018 09:51:49.775,17681,BM2V220 @30364D,41080,FEFF2300DCFF,-0.2,3.5,-3.6,
30/05/2018 09:51:49.824,17730,BM2V220 @30364D,41087,04000F00E1FF,0.4,1.5,-3.1,
30/05/2018 09:51:49.873,17779,BM2V220 @30364D,41093,D6FF5400A7FF,-4.2,8.4,-8.9,
30/05/2018 09:51:49.921,17827,BM2V220 @30364D,41099,1E001E00ABFF,3.0,3.0,-8.5,
30/05/2018 09:51:49.970,17876,BM2V220 @30364D,41105,390175FFC9FF,31.3,-13.9,-5.5,
30/05/2018 09:51:50.019,17925,BM2V220 @30364D,41112,8403C9FD6100,90.0,-56.7,9.7,
30/05/2018 09:51:50.068,17974,BM2V220 @30364D,41118,E00835FC3300,227.2,-97.1,5.1,
30/05/2018 09:51:50.117,18023,BM2V220 @30364D,41124,41157FFDCEFB,544.1,-64.1,-107.4,
30/05/2018 09:51:50.165,18071,BM2V220 @30364D,41130,941301FD7DFA,501.2,-76.7,-141.1,
30/05/2018 09:51:50.214,18120,BM2V220 @30364D,41137,15057DFEF2FB,130.1,-38.7,-103.8,
30/05/2018 09:51:50.312,18218,BM2V220 @30364D,41143,A4F94C0265FF,-162.8,58.8,-15.5,
30/05/2018 09:51:50.312,18218,BM2V220 @30364D,41149,41F8E301F101,-198.3,48.3,49.7,
30/05/2018 09:51:50.361,18267,BM2V220 @30364D,41155,38F56E015203,-276.0,36.6,85.0,
30/05/2018 09:51:50.409,18315,BM2V220 @30364D,41162,0BF27E019A03,-357.3,38.2,92.2,
30/05/2018 09:51:50.458,18364,BM2V220 @30364D,41168,03F1D1011503,-383.7,46.5,78.9,
30/05/2018 09:51:50.506,18412,BM2V220 @30364D,41174,C9EF62036004,-415.1,86.6,112.0,
30/05/2018 09:51:50.556,18462,BM2V220 @30364D,41180,00F59BF70901,-281.6,-214.9,26.5,
30/05/2018 09:51:50.653,18559,BM2V220 @30364D,41187,1107140542F9,180.9,130.0,-172.6,
30/05/2018 09:51:50.701,18607,BM2V220 @30364D,41193,BC0A4AFF4705,274.8,-18.2,135.1,
30/05/2018 09:51:50.750,18656,BM2V220 @30364D,41199,76056C01E8FD,139.8,36.4,-53.6,
30/05/2018 09:51:50.799,18705,BM2V220 @30364D,41205,75FFB30067FF,-13.9,17.9,-15.3,
30/05/2018 09:51:50.848,18754,BM2V220 @30364D,41212,ACFF4800D4FF,-8.4,7.2,-4.4,
30/05/2018 09:51:50.897,18803,BM2V220 @30364D,41218,D9FF0200EEFF,-3.9,0.2,-1.8,
30/05/2018 09:51:50.945,18851,BM2V220 @30364D,41224,E9FF2B00E7FF,-2.3,4.3,-2.5,
30/05/2018 09:51:50.994,18900,BM2V220 @30364D,41230,F6FF2100E2FF,-1.0,3.3,-3.0,
30/05/2018 09:51:51.043,18949,BM2V220 @30364D,41237,05003800D5FF,0.5,5.6,-4.3,
30/05/2018 09:51:51.091,18997,BM2V220 @30364D,41243,46000900F0FF,7.0,0.9,-1.6,
30/05/2018 09:51:51.140,19046,BM2V220 @30364D,41249,EF008CFF0200,23.9,-11.6,0.2,
30/05/2018 09:51:51.189,19095,BM2V220 @30364D,41255,470277FE5100,58.3,-39.3,8.1,
30/05/2018 09:51:51.238,19144,BM2V220 @30364D,41262,B00688FC7200,171.2,-88.8,11.4,
30/05/2018 09:51:51.287,19193,BM2V220 @30364D,41268,4010D5FC42FE,416.0,-81.1,-44.6,
30/05/2018 09:51:51.335,19241,BM2V220 @30364D,41274,10151BFBCAFB,539.2,-125.3,-107.8,
30/05/2018 09:51:51.384,19290,BM2V220 @30364D,41280,800B1AFCD9FC,294.4,-99.8,-80.7,
30/05/2018 09:51:51.433,19339,BM2V220 @30364D,41287,D5F9E0007EFD,-157.9,22.4,-64.2,
30/05/2018 09:51:51.481,19387,BM2V220 @30364D,41293,52F884000400,-196.6,13.2,0.4,
30/05/2018 09:51:51.530,19436,BM2V220 @30364D,41299,CDF5A601CC02,-261.1,42.2,71.6,
30/05/2018 09:51:51.579,19485,BM2V220 @30364D,41305,62F33102CA03,-323.0,56.1,97.0,
30/05/2018 09:51:51.628,19534,BM2V220 @30364D,41312,7FF132027302,-371.3,56.2,62.7,
30/05/2018 09:51:51.676,19582,BM2V220 @30364D,41318,72F0BA030303,-398.2,95.4,77.1,
30/05/2018 09:51:51.725,19631,BM2V220 @30364D,41324,CAF24E005701,-338.2,7.8,34.3,
30/05/2018 09:51:51.774,19680,BM2V220 @30364D,41330,1B000F00E1FE,2.7,1.5,-28.7,
30/05/2018 09:51:51.823,19729,BM2V220 @30364D,41337,8D085401CE01,218.9,34.0,46.2,
30/05/2018 09:51:51.872,19778,BM2V220 @30364D,41343,060683FEA9FD,154.2,-38.1,-59.9,
30/05/2018 09:51:51.920,19826,BM2V220 @30364D,41349,AEFFD50056FF,-8.2,21.3,-17.0,
30/05/2018 09:51:51.969,19875,BM2V220 @30364D,41355,7EFF8000B0FF,-13.0,12.8,-8.0,
30/05/2018 09:51:52.018,19924,BM2V220 @30364D,41362,F1FF10000B00,-1.5,1.6,1.1,
30/05/2018 09:51:52.066,19972,BM2V220 @30364D,41368,F1FF10000F00,-1.5,1.6,1.5,
30/05/2018 09:51:52.115,20021,BM2V220 @30364D,41374,DDFF3F00D6FF,-3.5,6.3,-4.2,
30/05/2018 09:51:52.164,20070,BM2V220 @30364D,41380,DDFF3700C5FF,-3.5,5.5,-5.9,
30/05/2018 09:51:52.213,20119,BM2V220 @30364D,41387,EBFF2E00B6FF,-2.1,4.6,-7.4,
30/05/2018 09:51:52.262,20168,BM2V220 @30364D,41393,38001800B1FF,5.6,2.4,-7.9,
30/05/2018 09:51:52.310,20216,BM2V220 @30364D,41399,500144FF0000,33.6,-18.8,0.0,
30/05/2018 09:51:52.409,20315,BM2V220 @30364D,41405,7E0449FD4900,115.0,-69.5,7.3,
30/05/2018 09:51:52.409,20315,BM2V220 @30364D,41412,250CF5FCB0FE,310.9,-77.9,-33.6,
30/05/2018 09:51:52.458,20364,BM2V220 @30364D,41418,061792FC65FA,589.4,-87.8,-143.5,
30/05/2018 09:51:52.506,20412,BM2V220 @30364D,41424,C40D36FE2EFB,352.4,-45.8,-123.4,
30/05/2018 09:51:52.603,20509,BM2V220 @30364D,41430,ABFDA3FFFDFC,-59.7,-9.3,-77.1,
30/05/2018 09:51:52.651,20557,BM2V220 @30364D,41437,B7FA2B022A00,-135.3,55.5,4.2,
30/05/2018 09:51:52.700,20606,BM2V220 @30364D,41443,35F86E020F03,-199.5,62.2,78.3,
30/05/2018 09:51:52.749,20655,BM2V220 @30364D,41449,F3F4BB028203,-282.9,69.9,89.8,
30/05/2018 09:51:52.797,20703,BM2V220 @30364D,41455,B4F2A902D502,-340.4,68.1,72.5,
30/05/2018 09:51:52.846,20752,BM2V220 @30364D,41462,27F1CC02BE02,-380.1,71.6,70.2,
30/05/2018 09:51:52.895,20801,BM2V220 @30364D,41468,32F055027C03,-404.6,59.7,89.2,
30/05/2018 09:51:52.944,20850,BM2V220 @30364D,41474,0AFA39F61E04,-152.6,-250.3,105.4,
30/05/2018 09:51:52.993,20899,BM2V220 @30364D,41480,B109C20593FA,248.1,147.4,-138.9,
30/05/2018 09:51:53.041,20947,BM2V220 @30364D,41487,280C21FDFC02,311.2,-73.5,76.4,
30/05/2018 09:51:53.091,20997,BM2V220 @30364D,41493,180176012EFE,28.0,37.4,-46.6,
30/05/2018 09:51:53.139,21045,BM2V220 @30364D,41499,42FFE4004AFF,-19.0,22.8,-18.2,
30/05/2018 09:51:53.188,21094,BM2V220 @30364D,41505,B6FF5E00CDFF,-7.4,9.4,-5.1,
30/05/2018 09:51:53.236,21142,BM2V220 @30364D,41512,D1FF1E00EBFF,-4.7,3.0,-2.1,
30/05/2018 09:51:53.334,21240,BM2V220 @30364D,41518,E5FF3700DBFF,-2.7,5.5,-3.7,
30/05/2018 09:51:53.335,21241,BM2V220 @30364D,41524,F2FF2A00D9FF,-1.4,4.2,-3.9,
30/05/2018 09:51:53.383,21289,BM2V220 @30364D,41530,EDFF5000BCFF,-1.9,8.0,-6.8,
30/05/2018 09:51:53.431,21337,BM2V220 @30364D,41537,20002400C1FF,3.2,3.6,-6.3,
30/05/2018 09:51:53.480,21386,BM2V220 @30364D,41543,050192FFE1FF,26.1,-11.0,-3.1,
30/05/2018 09:51:53.529,21435,BM2V220 @30364D,41549,6E03C6FD5F00,87.8,-57.0,9.5,
30/05/2018 09:51:53.578,21483,BM2V220 @30364D,41555,1F0972FCEBFF,233.5,-91.0,-2.1,
30/05/2018 09:51:53.626,21532,BM2V220 @30364D,41562,EE14DEFD92FB,535.8,-54.6,-113.4,
30/05/2018 09:51:53.725,21631,BM2V220 @30364D,41574,5F0474FE9BFC,111.9,-39.6,-86.9,
30/05/2018 09:51:53.725,21631,BM2V220 @30364D,41568,710F79FFD7F9,395.3,-13.5,-157.7,
30/05/2018 09:51:53.773,21679,BM2V220 @30364D,41580,F6FB74036EFF,-103.4,88.4,-14.6,
30/05/2018 09:51:53.822,21728,BM2V220 @30364D,41587,ACFADC02EF01,-136.4,73.2,49.5,
30/05/2018 09:51:53.922,21828,BM2V220 @30364D,41599,E3F38A042E03,-310.1,116.2,81.4,
30/05/2018 09:51:53.922,21828,BM2V220 @30364D,41593,68F64D042203,-245.6,110.1,80.2,
30/05/2018 09:51:53.968,21874,BM2V220 @30364D,41605,E9F193047803,-360.7,117.1,88.8,
30/05/2018 09:51:54.016,21922,BM2V220 @30364D,41612,CAF07504F504,-389.4,114.1,126.9,
30/05/2018 09:51:54.065,21971,BM2V220 @30364D,41618,2AF542F6F806,-277.4,-249.4,178.4,
30/05/2018 09:51:54.114,22020,BM2V220 @30364D,41624,5B020603CF00,60.3,77.4,20.7,
30/05/2018 09:51:54.162,22068,BM2V220 @30364D,41630,F608C401DAFE,229.4,45.2,-29.4,
30/05/2018 09:51:54.212,22118,BM2V220 @30364D,41637,05065CFEE3FC,154.1,-42.0,-79.7,
30/05/2018 09:51:54.261,22167,BM2V220 @30364D,41643,54FFED0039FF,-17.2,23.7,-19.9,
30/05/2018 09:51:54.309,22215,BM2V220 @30364D,41649,9AFF6D00D6FF,-10.2,10.9,-4.2,
30/05/2018 09:51:54.358,22264,BM2V220 @30364D,41655,F2FF1C00F9FF,-1.4,2.8,-0.7,
30/05/2018 09:51:54.406,22312,BM2V220 @30364D,41662,080010000400,0.8,1.6,0.4,
30/05/2018 09:51:54.455,22361,BM2V220 @30364D,41668,09001000F9FF,0.9,1.6,-0.7,
30/05/2018 09:51:54.553,22459,BM2V220 @30364D,41674,F7FF2D00D9FF,-0.9,4.5,-3.9,
30/05/2018 09:51:54.601,22507,BM2V220 @30364D,41680,FEFF3400C6FF,-0.2,5.2,-5.8,
30/05/2018 09:51:54.651,22557,BM2V220 @30364D,41687,4B000200CFFF,7.5,0.2,-4.9,
30/05/2018 09:51:54.699,22605,BM2V220 @30364D,41693,C901F1FE2800,45.7,-27.1,4.0,
30/05/2018 09:51:54.747,22653,BM2V220 @30364D,41699,2D0446FDD500,106.9,-69.8,21.3,
30/05/2018 09:51:54.796,22702,BM2V220 @30364D,41705,B1091DFDB8FF,248.1,-73.9,-7.2,
30/05/2018 09:51:54.845,22751,BM2V220 @30364D,41712,29141BFD08FC,516.1,-74.1,-101.6,
30/05/2018 09:51:54.894,22800,BM2V220 @30364D,41718,A91061FE3BFA,426.5,-41.5,-147.7,
30/05/2018 09:51:54.942,22848,BM2V220 @30364D,41724,BA03B8FFC4FC,95.4,-7.2,-82.8,
30/05/2018 09:51:54.991,22897,BM2V220 @30364D,41730,49FC7704ABFE,-95.1,114.3,-34.1,
30/05/2018 09:51:55.040,22946,BM2V220 @30364D,41737,63FA0E04A900,-143.7,103.8,16.9,
30/05/2018 09:51:55.089,22995,BM2V220 @30364D,41743,56F71105C401,-221.8,129.7,45.2,
30/05/2018 09:51:55.138,23044,BM2V220 @30364D,41749,5BF415055A02,-298.1,130.1,60.2,
30/05/2018 09:51:55.186,23092,BM2V220 @30364D,41755,60F2A3044303,-348.8,118.7,83.5,
30/05/2018 09:51:55.235,23141,BM2V220 @30364D,41762,4CF1C804CD04,-376.4,122.4,122.9,
30/05/2018 09:51:55.284,23190,BM2V220 @30364D,41768,12F382FBE504,-331.0,-115.0,125.3,
30/05/2018 09:51:55.333,23239,BM2V220 @30364D,41774,8800A70257FF,13.6,67.9,-16.9,
30/05/2018 09:51:55.381,23287,BM2V220 @30364D,41780,A608F6022BFE,221.4,75.8,-46.9,
30/05/2018 09:51:55.430,23336,BM2V220 @30364D,41787,010870FC1EFD,204.9,-91.2,-73.8,
30/05/2018 09:51:55.479,23385,BM2V220 @30364D,41793,0F00CB0040FF,1.5,20.3,-19.2,
30/05/2018 09:51:55.528,23434,BM2V220 @30364D,41799,82FF9E008BFF,-12.6,15.8,-11.7,
30/05/2018 09:51:55.576,23482,BM2V220 @30364D,41805,E2FF2D00D8FF,-3.0,4.5,-4.0,
30/05/2018 09:51:55.625,23531,BM2V220 @30364D,41812,EEFF3800DDFF,-1.8,5.6,-3.5,
30/05/2018 09:51:55.674,23580,BM2V220 @30364D,41818,FDFF1F00E6FF,-0.3,3.1,-2.6,
30/05/2018 09:51:55.723,23629,BM2V220 @30364D,41824,08001F00E0FF,0.8,3.1,-3.2,
30/05/2018 09:51:55.771,23677,BM2V220 @30364D,41830,2E002A00D2FF,4.6,4.2,-4.6,
30/05/2018 09:51:55.820,23726,BM2V220 @30364D,41837,BE00B9FFDDFF,19.0,-7.1,-3.5,
30/05/2018 09:51:55.869,23775,BM2V220 @30364D,41843,CD01FBFE1600,46.1,-26.1,2.2,
30/05/2018 09:51:55.917,23823,BM2V220 @30364D,41849,6E0552FD5D00,139.0,-68.6,9.3,
30/05/2018 09:51:55.966,23872,BM2V220 @30364D,41855,AE0DC4FD01FE,350.2,-57.2,-51.1,
30/05/2018 09:51:56.015,23921,BM2V220 @30364D,41862,C71655FDA2F9,583.1,-68.3,-163.0,
30/05/2018 09:51:56.162,24068,BM2V220 @30364D,41868,950DE7008EF9,347.7,23.1,-165.0,
30/05/2018 09:51:56.162,24068,BM2V220 @30364D,41874,FCFCCB0169FF,-77.2,45.9,-15.1,
30/05/2018 09:51:56.166,24072,BM2V220 @30364D,41880,B0FB4B045101,-110.4,109.9,33.7,
30/05/2018 09:51:56.210,24116,BM2V220 @30364D,41887,0EF8DB032802,-203.4,98.7,55.2,
30/05/2018 09:51:56.259,24165,BM2V220 @30364D,41893,E8F47F03AA02,-284.0,89.5,68.2,
30/05/2018 09:51:56.308,24214,BM2V220 @30364D,41899,3EF27003C202,-352.2,88.0,70.6,
30/05/2018 09:51:56.356,24262,BM2V220 @30364D,41905,30F14203B803,-379.2,83.4,95.2,
30/05/2018 09:51:56.405,24311,BM2V220 @30364D,41912,4AF08102CB03,-402.2,64.1,97.1,
30/05/2018 09:51:56.503,24409,BM2V220 @30364D,41918,6FF707F40A04,-219.3,-306.5,103.4,
30/05/2018 09:51:56.552,24458,BM2V220 @30364D,41924,F009EB0586F7,254.4,151.5,-217.0,
30/05/2018 09:51:56.600,24506,BM2V220 @30364D,41930,BE0CE8FD7D02,326.2,-53.6,63.7,
30/05/2018 09:51:56.649,24555,BM2V220 @30364D,41937,1F028F0107FF,54.3,39.9,-24.9,
30/05/2018 09:51:56.697,24603,BM2V220 @30364D,41943,36FFBA005DFF,-20.2,18.6,-16.3,
30/05/2018 09:51:56.746,24652,BM2V220 @30364D,41949,D9FF3300EBFF,-3.9,5.1,-2.1,
30/05/2018 09:51:56.795,24701,BM2V220 @30364D,41955,EDFF1700F9FF,-1.9,2.3,-0.7,
30/05/2018 09:51:56.844,24750,BM2V220 @30364D,41962,00002300F8FF,0.0,3.5,-0.8,
30/05/2018 09:51:56.942,24848,BM2V220 @30364D,41968,05001B00F4FF,0.5,2.7,-1.2,
30/05/2018 09:51:56.942,24848,BM2V220 @30364D,41974,E7FF6200B7FF,-2.5,9.8,-7.3,
30/05/2018 09:51:56.991,24897,BM2V220 @30364D,41980,1D003C00A8FF,2.9,6.0,-8.8,
30/05/2018 09:51:57.041,24947,BM2V220 @30364D,41987,CB00E0FF8CFF,20.3,-3.2,-11.6,
30/05/2018 09:51:57.088,24994,BM2V220 @30364D,41993,4902A3FE4200,58.5,-34.9,6.6,
30/05/2018 09:51:57.136,25042,BM2V220 @30364D,41999,6F0531FD3B00,139.1,-71.9,5.9,
30/05/2018 09:51:57.186,25092,BM2V220 @30364D,42005,971012FE1EFD,424.7,-49.4,-73.8,
30/05/2018 09:51:57.234,25140,BM2V220 @30364D,42012,7D1439FDD9F9,524.5,-71.1,-157.5,
30/05/2018 09:51:57.283,25189,BM2V220 @30364D,42018,0A0B38FE13FB,282.6,-45.6,-126.1,
30/05/2018 09:51:57.332,25238,BM2V220 @30364D,42024,BBFCD200B5FD,-83.7,21.0,-58.7,
30/05/2018 09:51:57.380,25286,BM2V220 @30364D,42030,24FA54026102,-150.0,59.6,60.9,
30/05/2018 09:51:57.429,25335,BM2V220 @30364D,42037,6EF73C02AE03,-219.4,57.2,94.2,
30/05/2018 09:51:57.478,25384,BM2V220 @30364D,42043,5CF47C02A103,-298.0,63.6,92.9,
30/05/2018 09:51:57.526,25432,BM2V220 @30364D,42049,D3F101020603,-362.9,51.3,77.4,
30/05/2018 09:51:57.575,25481,BM2V220 @30364D,42055,A5F090028703,-393.1,65.6,90.3,
30/05/2018 09:51:57.624,25530,BM2V220 @30364D,42062,07F13DFF9203,-383.3,-19.5,91.4,
30/05/2018 09:51:57.672,25578,BM2V220 @30364D,42068,14FC20FBBD00,-100.4,-124.8,18.9,
30/05/2018 09:51:57.721,25627,BM2V220 @30364D,42074,B20A6A09DEF8,273.8,241.0,-182.6,
30/05/2018 09:51:57.770,25676,BM2V220 @30364D,42080,2308FFFD2EFE,208.3,-51.3,-46.6,
30/05/2018 09:51:57.819,25725,BM2V220 @30364D,42087,CAFFA700F6FE,-5.4,16.7,-26.6,
30/05/2018 09:51:57.867,25773,BM2V220 @30364D,42093,26FFC4005EFF,-21.8,19.6,-16.2,
30/05/2018 09:51:57.916,25822,BM2V220 @30364D,42099,C8FF3900DBFF,-5.6,5.7,-3.7,
30/05/2018 09:51:57.965,25871,BM2V220 @30364D,42105,DBFF2400D8FF,-3.7,3.6,-4.0,
30/05/2018 09:51:58.014,25920,BM2V220 @30364D,42112,F0FF2A00D0FF,-1.6,4.2,-4.8,
30/05/2018 09:51:58.063,25969,BM2V220 @30364D,42118,14000600F1FF,2.0,0.6,-1.5,
30/05/2018 09:51:58.112,26018,BM2V220 @30364D,42124,1C002800DBFF,2.8,4.0,-3.7,
30/05/2018 09:51:58.160,26066,BM2V220 @30364D,42130,5D00FAFFF1FF,9.3,-0.6,-1.5,
30/05/2018 09:51:58.209,26115,BM2V220 @30364D,42137,DB0095FFFDFF,21.9,-10.7,-0.3,
30/05/2018 09:51:58.258,26164,BM2V220 @30364D,42143,FB01B7FE4E00,50.7,-32.9,7.8,
30/05/2018 09:51:58.306,26212,BM2V220 @30364D,42149,040554FD4400,128.4,-68.4,6.8,
30/05/2018 09:51:58.405,26311,BM2V220 @30364D,42155,850FABFD0BFE,397.3,-59.7,-50.1,
30/05/2018 09:51:58.453,26359,BM2V220 @30364D,42162,2C153BFCEBFA,542.0,-96.5,-130.1,
30/05/2018 09:51:58.501,26407,BM2V220 @30364D,42168,1B0BAAFDA7FB,284.3,-59.8,-111.3,
30/05/2018 09:51:58.550,26456,BM2V220 @30364D,42174,EAFDF2FFB8FD,-53.4,-1.4,-58.4,
30/05/2018 09:51:58.599,26505,BM2V220 @30364D,42180,ABFA6102E700,-136.5,60.9,23.1,
30/05/2018 09:51:58.648,26554,BM2V220 @30364D,42187,BFF70102AA02,-211.3,51.3,68.2,
30/05/2018 09:51:58.696,26602,BM2V220 @30364D,42193,90F4F5010A03,-292.8,50.1,77.8,
30/05/2018 09:51:58.745,26651,BM2V220 @30364D,42199,83F21801B902,-345.3,28.0,69.7,
30/05/2018 09:51:58.794,26700,BM2V220 @30364D,42205,5EF1F9014803,-374.6,50.5,84.0,
30/05/2018 09:51:58.842,26748,BM2V220 @30364D,42212,31F1F7010904,-379.1,50.3,103.3,
30/05/2018 09:51:58.891,26797,BM2V220 @30364D,42218,F9F7EFF7BB01,-205.5,-206.5,44.3,
30/05/2018 09:51:58.941,26847,BM2V220 @30364D,42224,6205D30262FA,137.8,72.3,-143.8,
30/05/2018 09:51:59.037,26943,BM2V220 @30364D,42230,820AE1FEAC04,269.0,-28.7,119.6,
30/05/2018 09:51:59.037,26943,BM2V220 @30364D,42237,A604C4FF24FE,119.0,-6.0,-47.6,
30/05/2018 09:51:59.086,26992,BM2V220 @30364D,42243,A6FF9E0071FF,-9.0,15.8,-14.3,
30/05/2018 09:51:59.185,27091,BM2V220 @30364D,42255,DBFF2000F1FF,-3.7,3.2,-1.5,
30/05/2018 09:51:59.185,27091,BM2V220 @30364D,42249,6BFF7900A8FF,-14.9,12.1,-8.8,
30/05/2018 09:51:59.232,27138,BM2V220 @30364D,42262,E2FF2500EBFF,-3.0,3.7,-2.1,
30/05/2018 09:51:59.281,27187,BM2V220 @30364D,42268,F5FF2900EDFF,-1.1,4.1,-1.9,
30/05/2018 09:51:59.330,27236,BM2V220 @30364D,42274,01001200F7FF,0.1,1.8,-0.9,
30/05/2018 09:51:59.428,27334,BM2V220 @30364D,42280,EFFF2B00DAFF,-1.7,4.3,-3.8,
30/05/2018 09:51:59.429,27335,BM2V220 @30364D,42287,F5FF2D00D6FF,-1.1,4.5,-4.2,
30/05/2018 09:51:59.525,27431,BM2V220 @30364D,42293,1C001300E4FF,2.8,1.9,-2.8,
30/05/2018 09:51:59.526,27432,BM2V220 @30364D,42299,9300BAFF1900,14.7,-7.0,2.5,
30/05/2018 09:51:59.574,27480,BM2V220 @30364D,42305,1802B3FE1C00,53.6,-33.3,2.8,
30/05/2018 09:51:59.672,27578,BM2V220 @30364D,42312,D40754FC3A00,200.4,-94.0,5.8,
30/05/2018 09:51:59.672,27578,BM2V220 @30364D,42318,5013FBFB76FE,494.4,-102.9,-39.4,
30/05/2018 09:51:59.720,27626,BM2V220 @30364D,42324,A610BAFB50FB,426.2,-109.4,-120.0,
30/05/2018 09:51:59.818,27724,BM2V220 @30364D,42330,F80367FD46FC,101.6,-66.5,-95.4,
30/05/2018 09:51:59.819,27725,BM2V220 @30364D,42337,EEFCCA0013FD,-78.6,20.2,-74.9,
30/05/2018 09:51:59.867,27773,BM2V220 @30364D,42343,06FBC4013401,-127.4,45.2,30.8,
30/05/2018 09:51:59.916,27822,BM2V220 @30364D,42349,22F75102B603,-227.0,59.3,95.0,
30/05/2018 09:52:00.013,27919,BM2V220 @30364D,42355,00F429029703,-307.2,55.3,91.9,
30/05/2018 09:52:00.014,27920,BM2V220 @30364D,42362,61F62500F801,-246.3,3.7,50.4,
30/05/2018 09:52:00.062,27968,BM2V220 @30364D,42368,89F3EE01EC01,-319.1,49.4,49.2,
30/05/2018 09:52:00.159,28065,BM2V220 @30364D,42374,77F50FFC5403,-269.7,-100.9,85.2,
30/05/2018 09:52:00.160,28066,BM2V220 @30364D,42380,2EFB56FD6E00,-123.4,-68.2,11.0,
30/05/2018 09:52:00.209,28115,BM2V220 @30364D,42387,0404110388FD,102.8,78.5,-63.2,
30/05/2018 09:52:00.306,28212,BM2V220 @30364D,42393,3C051E0453FE,134.0,105.4,-42.9,
30/05/2018 09:52:00.306,28212,BM2V220 @30364D,42399,65078D008AFE,189.3,14.1,-37.4,
30/05/2018 09:52:00.354,28260,BM2V220 @30364D,42405,EBFF47002EFF,-2.1,7.1,-21.0,
30/05/2018 09:52:00.452,28358,BM2V220 @30364D,42412,41FF9A0029FF,-19.1,15.4,-21.5,
30/05/2018 09:52:00.500,28406,BM2V220 @30364D,42418,68FF7D0099FF,-15.2,12.5,-10.3,
30/05/2018 09:52:00.550,28456,BM2V220 @30364D,42424,DFFF3A00E4FF,-3.3,5.8,-2.8,
30/05/2018 09:52:00.648,28554,BM2V220 @30364D,42437,FCFF1500FBFF,-0.4,2.1,-0.5,
30/05/2018 09:52:00.647,28553,BM2V220 @30364D,42430,DEFF3300E0FF,-3.4,5.1,-3.2,
30/05/2018 09:52:00.695,28601,BM2V220 @30364D,42443,E7FF2400EBFF,-2.5,3.6,-2.1,
30/05/2018 09:52:00.793,28699,BM2V220 @30364D,42455,F3FF2400F2FF,-1.3,3.6,-1.4,
30/05/2018 09:52:00.793,28699,BM2V220 @30364D,42449,F0FF2400F2FF,-1.6,3.6,-1.4,
30/05/2018 09:52:00.841,28747,BM2V220 @30364D,42462,1900FCFF1000,2.5,-0.4,1.6,
30/05/2018 09:52:00.939,28845,BM2V220 @30364D,42468,1300FCFF0E00,1.9,-0.4,1.4,
30/05/2018 09:52:00.940,28846,BM2V220 @30364D,42474,150000000B00,2.1,0.0,1.1,
30/05/2018 09:52:00.988,28894,BM2V220 @30364D,42480,2100FDFF0E00,3.3,-0.3,1.4,
30/05/2018 09:52:01.036,28942,BM2V220 @30364D,42487,EEFF2200F2FF,-1.8,3.4,-1.4,
30/05/2018 09:52:01.135,29041,BM2V220 @30364D,42499,07001300FAFF,0.7,1.9,-0.6,
30/05/2018 09:52:01.135,29041,BM2V220 @30364D,42493,FEFF1500FEFF,-0.2,2.1,-0.2,
30/05/2018 09:52:01.182,29088,BM2V220 @30364D,42505,F4FF1F00F5FF,-1.2,3.1,-1.1,
30/05/2018 09:52:01.281,29187,BM2V220 @30364D,42512,F6FF15000200,-1.0,2.1,0.2,
30/05/2018 09:52:01.281,29187,BM2V220 @30364D,42518,FAFF15000000,-0.6,2.1,0.0,
